<?xml version="1.0" encoding="UTF-8"?>
<build-type xmlns:xsi="http://www.w3.org/2001/XMLSchema-instance" uuid="06bc7ba1-38e6-48db-9a1b-0d46f13b2424" xsi:noNamespaceSchemaLocation="https://www.jetbrains.com/teamcity/schemas/2018.1/project-config.xsd">
  <name>Build</name>
  <description />
  <settings>
    <parameters />
    <build-runners>
      <runner id="RUNNER_1" name="Build Docker Image" type="DockerCommand">
        <parameters>
          <param name="command.args" value="--pull" />
          <param name="docker.command.type" value="build" />
          <param name="docker.image.namesAndTags"><![CDATA[docker_git:%build.counter%
docker_git:latest]]></param>
          <param name="docker.push.remove.image" value="true" />
          <param name="dockerImage.platform" value="linux" />
          <param name="dockerfile.contextDir" value="./lesson3" />
          <param name="dockerfile.path" value="./lesson3/Dockerfile_git" />
          <param name="dockerfile.source" value="PATH" />
          <param name="teamcity.step.mode" value="default" />
        </parameters>
      </runner>
      <runner id="RUNNER_2" name="Push Docker Image" type="DockerCommand">
        <parameters>
          <param name="docker.command.type" value="push" />
          <param name="docker.image.namesAndTags"><![CDATA[docker_git:%build.counter%
docker_git:latest]]></param>
          <param name="docker.push.remove.image" value="true" />
          <param name="dockerfile.source" value="PATH" />
          <param name="teamcity.step.mode" value="execute_if_success" />
        </parameters>
      </runner>
    </build-runners>
    <vcs-settings>
      <vcs-entry-ref root-id="GitDevOps03_HttpsGithubComAlexshegeraGitDevOps03gitRefsHeadsMaster" />
    </vcs-settings>
    <requirements />
    <build-triggers>
      <build-trigger id="vcsTrigger" type="vcsTrigger">
        <parameters>
          <param name="branchFilter" value="+:*" />
          <param name="enableQueueOptimization" value="true" />
          <param name="quietPeriodMode" value="DO_NOT_USE" />
        </parameters>
      </build-trigger>
    </build-triggers>
    <cleanup />
  </settings>
</build-type>

