<?xml version="1.0" encoding="UTF-8"?>
<vcs-root xmlns:xsi="http://www.w3.org/2001/XMLSchema-instance" uuid="1c4c6997-15c0-4192-8448-b8ad684063eb" type="jetbrains.git" xsi:noNamespaceSchemaLocation="https://www.jetbrains.com/teamcity/schemas/2018.1/project-config.xsd">
  <name>https://github.com/alexshegera/GitDevOps03.git#refs/heads/master</name>
  <param name="agentCleanFilesPolicy" value="ALL_UNTRACKED" />
  <param name="agentCleanPolicy" value="ON_BRANCH_CHANGE" />
  <param name="authMethod" value="PASSWORD" />
  <param name="branch" value="refs/heads/master" />
  <param name="ignoreKnownHosts" value="true" />
  <param name="secure:password" value="zxxce885088ac6eeb68903d3944be73a2a2f6f09127c816e918" />
  <param name="submoduleCheckout" value="CHECKOUT" />
  <param name="url" value="https://github.com/alexshegera/GitDevOps03.git" />
  <param name="useAlternates" value="true" />
  <param name="username" value="alexshegera@gmail.com" />
  <param name="usernameStyle" value="USERID" />
</vcs-root>

